<cacti>	
	<hash_0000193295e1523e05db86487c11d359218bbe>
		<name>PING - Advanced Ping ALT</name>
		<graph>
			<t_title></t_title>
			<title>|host_description| - Advanced Ping</title>
			<t_image_format_id></t_image_format_id>
			<image_format_id>1</image_format_id>
			<t_height></t_height>
			<height>120</height>
			<t_width></t_width>
			<width>500</width>
			<t_slope_mode></t_slope_mode>
			<slope_mode>on</slope_mode>
			<t_auto_scale></t_auto_scale>
			<auto_scale>on</auto_scale>
			<t_auto_scale_opts></t_auto_scale_opts>
			<auto_scale_opts>2</auto_scale_opts>
			<t_auto_scale_log></t_auto_scale_log>
			<auto_scale_log></auto_scale_log>
			<t_scale_log_units></t_scale_log_units>
			<scale_log_units></scale_log_units>
			<t_auto_scale_rigid></t_auto_scale_rigid>
			<auto_scale_rigid>on</auto_scale_rigid>
			<t_auto_padding></t_auto_padding>
			<auto_padding>on</auto_padding>
			<t_export></t_export>
			<export>on</export>
			<t_upper_limit></t_upper_limit>
			<upper_limit>100</upper_limit>
			<t_lower_limit></t_lower_limit>
			<lower_limit>0</lower_limit>
			<t_base_value></t_base_value>
			<base_value>1000</base_value>
			<t_unit_value></t_unit_value>
			<unit_value></unit_value>
			<t_unit_exponent_value></t_unit_exponent_value>
			<unit_exponent_value></unit_exponent_value>
			<t_vertical_label></t_vertical_label>
			<vertical_label>seconds</vertical_label>
		</graph>
		<items>
			<hash_100019a6b486409577f6fbc68c316321cc53df>
				<task_item_id>hash_080019cd17c680d33f47f54a5d2bcda4fbfbf0</task_item_id>
				<color_id>0</color_id>
				<alpha>FF</alpha>
				<graph_type_id>1</graph_type_id>
				<consolidation_function_id>1</consolidation_function_id>
				<cdef_id>hash_05001940ce49e270ccd824128c2084ae7f54dc</cdef_id>
				<value></value>
				<gprint_id>hash_060019e9c43831e54eca8069317a2ce8c6f751</gprint_id>
				<text_format></text_format>
				<hard_return></hard_return>
				<sequence>1</sequence>
			</hash_100019a6b486409577f6fbc68c316321cc53df>
			<hash_1000191ebbe9edb0e2fe4b0966d096cde22942>
				<task_item_id>hash_08001966f673792256a3ea04ec9961eba47fb5</task_item_id>
				<color_id>0</color_id>
				<alpha>FF</alpha>
				<graph_type_id>1</graph_type_id>
				<consolidation_function_id>1</consolidation_function_id>
				<cdef_id>hash_05001940ce49e270ccd824128c2084ae7f54dc</cdef_id>
				<value></value>
				<gprint_id>hash_060019e9c43831e54eca8069317a2ce8c6f751</gprint_id>
				<text_format></text_format>
				<hard_return></hard_return>
				<sequence>2</sequence>
			</hash_1000191ebbe9edb0e2fe4b0966d096cde22942>
			<hash_100019dd601fbeb3f690345bc114bf08eca3b5>
				<task_item_id>hash_080019be2761605f59f3eba221a28c088efb73</task_item_id>
				<color_id>0</color_id>
				<alpha>FF</alpha>
				<graph_type_id>1</graph_type_id>
				<consolidation_function_id>1</consolidation_function_id>
				<cdef_id>hash_05001940ce49e270ccd824128c2084ae7f54dc</cdef_id>
				<value></value>
				<gprint_id>hash_060019e9c43831e54eca8069317a2ce8c6f751</gprint_id>
				<text_format></text_format>
				<hard_return></hard_return>
				<sequence>3</sequence>
			</hash_100019dd601fbeb3f690345bc114bf08eca3b5>
			<hash_100019164c8d39bf3117d8b49f4842fc82c070>
				<task_item_id>hash_0800197d463038911077b759e662d1d3b399ed</task_item_id>
				<color_id>0</color_id>
				<alpha>FF</alpha>
				<graph_type_id>1</graph_type_id>
				<consolidation_function_id>1</consolidation_function_id>
				<cdef_id>0</cdef_id>
				<value></value>
				<gprint_id>hash_060019e9c43831e54eca8069317a2ce8c6f751</gprint_id>
				<text_format></text_format>
				<hard_return></hard_return>
				<sequence>4</sequence>
			</hash_100019164c8d39bf3117d8b49f4842fc82c070>
			<hash_1000195f77eacb9c5063c91a11664eb79f85c9>
				<task_item_id>hash_0800195d834e3d35e2c980126cd2a14e89ab6d</task_item_id>
				<color_id>0</color_id>
				<alpha>FF</alpha>
				<graph_type_id>1</graph_type_id>
				<consolidation_function_id>1</consolidation_function_id>
				<cdef_id>hash_05001940ce49e270ccd824128c2084ae7f54dc</cdef_id>
				<value></value>
				<gprint_id>hash_060019e9c43831e54eca8069317a2ce8c6f751</gprint_id>
				<text_format></text_format>
				<hard_return></hard_return>
				<sequence>5</sequence>
			</hash_1000195f77eacb9c5063c91a11664eb79f85c9>
			<hash_1000197113253f1ff1f6be1d2222646a1a2fd9>
				<task_item_id>hash_080019cd17c680d33f47f54a5d2bcda4fbfbf0</task_item_id>
				<color_id>FFFFFF</color_id>
				<alpha>FF</alpha>
				<graph_type_id>7</graph_type_id>
				<consolidation_function_id>1</consolidation_function_id>
				<cdef_id>hash_05001940ce49e270ccd824128c2084ae7f54dc</cdef_id>
				<value></value>
				<gprint_id>hash_060019e9c43831e54eca8069317a2ce8c6f751</gprint_id>
				<text_format></text_format>
				<hard_return></hard_return>
				<sequence>6</sequence>
			</hash_1000197113253f1ff1f6be1d2222646a1a2fd9>
			<hash_100019851d7c490ee5e7e4e66802bfee69d654>
				<task_item_id>0</task_item_id>
				<color_id>CCCCCC</color_id>
				<alpha>FF</alpha>
				<graph_type_id>8</graph_type_id>
				<consolidation_function_id>1</consolidation_function_id>
				<cdef_id>hash_050019be93da3bf9883d565ad4075f0dc9bf1b</cdef_id>
				<value></value>
				<gprint_id>hash_060019e9c43831e54eca8069317a2ce8c6f751</gprint_id>
				<text_format></text_format>
				<hard_return></hard_return>
				<sequence>7</sequence>
			</hash_100019851d7c490ee5e7e4e66802bfee69d654>
			<hash_100019cae3809bbd5df1d45d95cb245077f2e6>
				<task_item_id>0</task_item_id>
				<color_id>AAAAAA</color_id>
				<alpha>FF</alpha>
				<graph_type_id>8</graph_type_id>
				<consolidation_function_id>1</consolidation_function_id>
				<cdef_id>hash_05001903f1d1e840e9ab2585c134f1493187c8</cdef_id>
				<value></value>
				<gprint_id>hash_060019e9c43831e54eca8069317a2ce8c6f751</gprint_id>
				<text_format></text_format>
				<hard_return></hard_return>
				<sequence>8</sequence>
			</hash_100019cae3809bbd5df1d45d95cb245077f2e6>
			<hash_1000194c6f40bd4a7f3d3cfa2a2eaf6197a838>
				<task_item_id>0</task_item_id>
				<color_id>888888</color_id>
				<alpha>FF</alpha>
				<graph_type_id>8</graph_type_id>
				<consolidation_function_id>1</consolidation_function_id>
				<cdef_id>hash_05001903f1d1e840e9ab2585c134f1493187c8</cdef_id>
				<value></value>
				<gprint_id>hash_060019e9c43831e54eca8069317a2ce8c6f751</gprint_id>
				<text_format></text_format>
				<hard_return></hard_return>
				<sequence>9</sequence>
			</hash_1000194c6f40bd4a7f3d3cfa2a2eaf6197a838>
			<hash_10001967034e796e6b9e7aa5fbd96a564d5ec2>
				<task_item_id>0</task_item_id>
				<color_id>888888</color_id>
				<alpha>FF</alpha>
				<graph_type_id>8</graph_type_id>
				<consolidation_function_id>1</consolidation_function_id>
				<cdef_id>hash_05001903f1d1e840e9ab2585c134f1493187c8</cdef_id>
				<value></value>
				<gprint_id>hash_060019e9c43831e54eca8069317a2ce8c6f751</gprint_id>
				<text_format></text_format>
				<hard_return></hard_return>
				<sequence>10</sequence>
			</hash_10001967034e796e6b9e7aa5fbd96a564d5ec2>
			<hash_1000195ff284148e848eaed15524ad9876c9fd>
				<task_item_id>0</task_item_id>
				<color_id>AAAAAA</color_id>
				<alpha>FF</alpha>
				<graph_type_id>8</graph_type_id>
				<consolidation_function_id>1</consolidation_function_id>
				<cdef_id>hash_05001903f1d1e840e9ab2585c134f1493187c8</cdef_id>
				<value></value>
				<gprint_id>hash_060019e9c43831e54eca8069317a2ce8c6f751</gprint_id>
				<text_format></text_format>
				<hard_return></hard_return>
				<sequence>11</sequence>
			</hash_1000195ff284148e848eaed15524ad9876c9fd>
			<hash_100019e78958bfb6752f2a5d8c53ef774e35d9>
				<task_item_id>0</task_item_id>
				<color_id>CCCCCC</color_id>
				<alpha>FF</alpha>
				<graph_type_id>8</graph_type_id>
				<consolidation_function_id>1</consolidation_function_id>
				<cdef_id>hash_050019b8d406e8f95e4ac306bf1070da15f076</cdef_id>
				<value></value>
				<gprint_id>hash_060019e9c43831e54eca8069317a2ce8c6f751</gprint_id>
				<text_format></text_format>
				<hard_return></hard_return>
				<sequence>12</sequence>
			</hash_100019e78958bfb6752f2a5d8c53ef774e35d9>
			<hash_100019b936685e592af69a1a7dd5c95c03707f>
				<task_item_id>0</task_item_id>
				<color_id>FFFFFF</color_id>
				<alpha>FF</alpha>
				<graph_type_id>8</graph_type_id>
				<consolidation_function_id>1</consolidation_function_id>
				<cdef_id>hash_05001903f1d1e840e9ab2585c134f1493187c8</cdef_id>
				<value></value>
				<gprint_id>hash_060019e9c43831e54eca8069317a2ce8c6f751</gprint_id>
				<text_format></text_format>
				<hard_return></hard_return>
				<sequence>13</sequence>
			</hash_100019b936685e592af69a1a7dd5c95c03707f>
			<hash_100019855c964e5f2eea496b7e0a3c3271e4f1>
				<task_item_id>0</task_item_id>
				<color_id>FFFFFF</color_id>
				<alpha>FF</alpha>
				<graph_type_id>8</graph_type_id>
				<consolidation_function_id>1</consolidation_function_id>
				<cdef_id>hash_05001903f1d1e840e9ab2585c134f1493187c8</cdef_id>
				<value></value>
				<gprint_id>hash_060019e9c43831e54eca8069317a2ce8c6f751</gprint_id>
				<text_format></text_format>
				<hard_return></hard_return>
				<sequence>14</sequence>
			</hash_100019855c964e5f2eea496b7e0a3c3271e4f1>
			<hash_100019f2098bea5ea9f280d0a02e4e8cb31362>
				<task_item_id>hash_080019cd17c680d33f47f54a5d2bcda4fbfbf0</task_item_id>
				<color_id>FFFFFF</color_id>
				<alpha>FF</alpha>
				<graph_type_id>7</graph_type_id>
				<consolidation_function_id>1</consolidation_function_id>
				<cdef_id>hash_05001940ce49e270ccd824128c2084ae7f54dc</cdef_id>
				<value></value>
				<gprint_id>hash_060019e9c43831e54eca8069317a2ce8c6f751</gprint_id>
				<text_format></text_format>
				<hard_return></hard_return>
				<sequence>15</sequence>
			</hash_100019f2098bea5ea9f280d0a02e4e8cb31362>
			<hash_100019fc1bfe72a9e38f1c6a32b13ce4315467>
				<task_item_id>0</task_item_id>
				<color_id>0</color_id>
				<alpha>FF</alpha>
				<graph_type_id>1</graph_type_id>
				<consolidation_function_id>1</consolidation_function_id>
				<cdef_id>0</cdef_id>
				<value></value>
				<gprint_id>hash_060019e9c43831e54eca8069317a2ce8c6f751</gprint_id>
				<text_format>Pkt Loss (color):</text_format>
				<hard_return></hard_return>
				<sequence>16</sequence>
			</hash_100019fc1bfe72a9e38f1c6a32b13ce4315467>
			<hash_1000196b0c99a26b7d2b0e63e9f4d728df714a>
				<task_item_id>hash_08001966f673792256a3ea04ec9961eba47fb5</task_item_id>
				<color_id>00BD27</color_id>
				<alpha>FF</alpha>
				<graph_type_id>4</graph_type_id>
				<consolidation_function_id>1</consolidation_function_id>
				<cdef_id>hash_05001940ce49e270ccd824128c2084ae7f54dc</cdef_id>
				<value></value>
				<gprint_id>hash_060019e9c43831e54eca8069317a2ce8c6f751</gprint_id>
				<text_format>0%</text_format>
				<hard_return></hard_return>
				<sequence>17</sequence>
			</hash_1000196b0c99a26b7d2b0e63e9f4d728df714a>
			<hash_100019579a72b1d27176690374de103ed08176>
				<task_item_id>0</task_item_id>
				<color_id>AFECED</color_id>
				<alpha>FF</alpha>
				<graph_type_id>4</graph_type_id>
				<consolidation_function_id>1</consolidation_function_id>
				<cdef_id>hash_050019828d4e1bfd5ab107e94e76017bcdc653</cdef_id>
				<value></value>
				<gprint_id>hash_060019e9c43831e54eca8069317a2ce8c6f751</gprint_id>
				<text_format>01-02%</text_format>
				<hard_return></hard_return>
				<sequence>18</sequence>
			</hash_100019579a72b1d27176690374de103ed08176>
			<hash_100019b3435e329cf2de11ee027ee833bed9c7>
				<task_item_id>0</task_item_id>
				<color_id>55D6D3</color_id>
				<alpha>FF</alpha>
				<graph_type_id>4</graph_type_id>
				<consolidation_function_id>1</consolidation_function_id>
				<cdef_id>hash_0500194e97636e8c22221486974a63426b6728</cdef_id>
				<value></value>
				<gprint_id>hash_060019e9c43831e54eca8069317a2ce8c6f751</gprint_id>
				<text_format>03-05%</text_format>
				<hard_return></hard_return>
				<sequence>19</sequence>
			</hash_100019b3435e329cf2de11ee027ee833bed9c7>
			<hash_1000191a6e5afe1ad6a259cce92ad8d6de4344>
				<task_item_id>0</task_item_id>
				<color_id>7CB3F1</color_id>
				<alpha>FF</alpha>
				<graph_type_id>4</graph_type_id>
				<consolidation_function_id>1</consolidation_function_id>
				<cdef_id>hash_050019a73fffefb7d4ffdf5a59b4232aeeebfe</cdef_id>
				<value></value>
				<gprint_id>hash_060019e9c43831e54eca8069317a2ce8c6f751</gprint_id>
				<text_format>06-10%</text_format>
				<hard_return></hard_return>
				<sequence>20</sequence>
			</hash_1000191a6e5afe1ad6a259cce92ad8d6de4344>
			<hash_10001935bb152443d743d32078ff44b93dfcab>
				<task_item_id>0</task_item_id>
				<color_id>4668E4</color_id>
				<alpha>FF</alpha>
				<graph_type_id>4</graph_type_id>
				<consolidation_function_id>1</consolidation_function_id>
				<cdef_id>hash_050019fed7149d03fdb76a7cec99c5764e83b9</cdef_id>
				<value></value>
				<gprint_id>hash_060019e9c43831e54eca8069317a2ce8c6f751</gprint_id>
				<text_format>11-15%</text_format>
				<hard_return></hard_return>
				<sequence>21</sequence>
			</hash_10001935bb152443d743d32078ff44b93dfcab>
			<hash_100019571a61646090da767afa86831fa71493>
				<task_item_id>0</task_item_id>
				<color_id>A150AA</color_id>
				<alpha>FF</alpha>
				<graph_type_id>4</graph_type_id>
				<consolidation_function_id>1</consolidation_function_id>
				<cdef_id>hash_050019becffe77a699214e35223077ac13e442</cdef_id>
				<value></value>
				<gprint_id>hash_060019e9c43831e54eca8069317a2ce8c6f751</gprint_id>
				<text_format>16-50%</text_format>
				<hard_return></hard_return>
				<sequence>22</sequence>
			</hash_100019571a61646090da767afa86831fa71493>
			<hash_100019ca01d01510b17946f332a9c5d9a5bda9>
				<task_item_id>0</task_item_id>
				<color_id>FF00FF</color_id>
				<alpha>FF</alpha>
				<graph_type_id>4</graph_type_id>
				<consolidation_function_id>1</consolidation_function_id>
				<cdef_id>hash_050019b59ff622900f31ec0cbf6085a21938ba</cdef_id>
				<value></value>
				<gprint_id>hash_060019e9c43831e54eca8069317a2ce8c6f751</gprint_id>
				<text_format>51-95%</text_format>
				<hard_return></hard_return>
				<sequence>23</sequence>
			</hash_100019ca01d01510b17946f332a9c5d9a5bda9>
			<hash_100019bfd4d2f437b25fa0a271349d4177e535>
				<task_item_id>0</task_item_id>
				<color_id>F51D30</color_id>
				<alpha>FF</alpha>
				<graph_type_id>4</graph_type_id>
				<consolidation_function_id>1</consolidation_function_id>
				<cdef_id>hash_050019df5dcfafd43945524c486cdf53b8235b</cdef_id>
				<value></value>
				<gprint_id>hash_060019e9c43831e54eca8069317a2ce8c6f751</gprint_id>
				<text_format>96-100%</text_format>
				<hard_return>on</hard_return>
				<sequence>24</sequence>
			</hash_100019bfd4d2f437b25fa0a271349d4177e535>
			<hash_100019f379a8fc9481701d4423a9fa1e606aa9>
				<task_item_id>0</task_item_id>
				<color_id>F51D30</color_id>
				<alpha>FF</alpha>
				<graph_type_id>7</graph_type_id>
				<consolidation_function_id>1</consolidation_function_id>
				<cdef_id>hash_0500192b9982d27bbf9d670db6926329bb87c6</cdef_id>
				<value></value>
				<gprint_id>hash_060019e9c43831e54eca8069317a2ce8c6f751</gprint_id>
				<text_format></text_format>
				<hard_return></hard_return>
				<sequence>25</sequence>
			</hash_100019f379a8fc9481701d4423a9fa1e606aa9>
			<hash_100019a369a3b373ca78c5bea0635b2ff488db>
				<task_item_id>0</task_item_id>
				<color_id>0</color_id>
				<alpha>FF</alpha>
				<graph_type_id>1</graph_type_id>
				<consolidation_function_id>1</consolidation_function_id>
				<cdef_id>0</cdef_id>
				<value></value>
				<gprint_id>hash_060019e9c43831e54eca8069317a2ce8c6f751</gprint_id>
				<text_format>Pkt Loss:</text_format>
				<hard_return></hard_return>
				<sequence>26</sequence>
			</hash_100019a369a3b373ca78c5bea0635b2ff488db>
			<hash_100019914e29bca1133ca917e7332ec2099cba>
				<task_item_id>hash_0800197d463038911077b759e662d1d3b399ed</task_item_id>
				<color_id>0</color_id>
				<alpha>FF</alpha>
				<graph_type_id>9</graph_type_id>
				<consolidation_function_id>4</consolidation_function_id>
				<cdef_id>0</cdef_id>
				<value></value>
				<gprint_id>hash_060019fc9f65c03c3566d93c3a28e1cb5aac93</gprint_id>
				<text_format>Last:</text_format>
				<hard_return></hard_return>
				<sequence>27</sequence>
			</hash_100019914e29bca1133ca917e7332ec2099cba>
			<hash_100019aa11ffeb267bfbac5dc7349f033c4ee6>
				<task_item_id>hash_0800197d463038911077b759e662d1d3b399ed</task_item_id>
				<color_id>0</color_id>
				<alpha>FF</alpha>
				<graph_type_id>9</graph_type_id>
				<consolidation_function_id>2</consolidation_function_id>
				<cdef_id>0</cdef_id>
				<value></value>
				<gprint_id>hash_060019fc9f65c03c3566d93c3a28e1cb5aac93</gprint_id>
				<text_format>Min:</text_format>
				<hard_return></hard_return>
				<sequence>28</sequence>
			</hash_100019aa11ffeb267bfbac5dc7349f033c4ee6>
			<hash_10001921226e3fd41de210115c458d94309e79>
				<task_item_id>hash_0800197d463038911077b759e662d1d3b399ed</task_item_id>
				<color_id>0</color_id>
				<alpha>FF</alpha>
				<graph_type_id>9</graph_type_id>
				<consolidation_function_id>1</consolidation_function_id>
				<cdef_id>0</cdef_id>
				<value></value>
				<gprint_id>hash_060019fc9f65c03c3566d93c3a28e1cb5aac93</gprint_id>
				<text_format>Avg:</text_format>
				<hard_return></hard_return>
				<sequence>29</sequence>
			</hash_10001921226e3fd41de210115c458d94309e79>
			<hash_1000193518f26bc52ccc48a19af1012ead9724>
				<task_item_id>hash_0800197d463038911077b759e662d1d3b399ed</task_item_id>
				<color_id>0</color_id>
				<alpha>FF</alpha>
				<graph_type_id>9</graph_type_id>
				<consolidation_function_id>3</consolidation_function_id>
				<cdef_id>0</cdef_id>
				<value></value>
				<gprint_id>hash_060019fc9f65c03c3566d93c3a28e1cb5aac93</gprint_id>
				<text_format>Max:</text_format>
				<hard_return>on</hard_return>
				<sequence>30</sequence>
			</hash_1000193518f26bc52ccc48a19af1012ead9724>
			<hash_10001988c0001e7bead30d4f7a7fe12f317952>
				<task_item_id>0</task_item_id>
				<color_id>0</color_id>
				<alpha>FF</alpha>
				<graph_type_id>1</graph_type_id>
				<consolidation_function_id>1</consolidation_function_id>
				<cdef_id>0</cdef_id>
				<value></value>
				<gprint_id>hash_060019e9c43831e54eca8069317a2ce8c6f751</gprint_id>
				<text_format>RTT (color):</text_format>
				<hard_return></hard_return>
				<sequence>31</sequence>
			</hash_10001988c0001e7bead30d4f7a7fe12f317952>
			<hash_10001985516ce7680e3bc8928add6596f32087>
				<task_item_id>hash_0800195d834e3d35e2c980126cd2a14e89ab6d</task_item_id>
				<color_id>888888</color_id>
				<alpha>FF</alpha>
				<graph_type_id>2</graph_type_id>
				<consolidation_function_id>1</consolidation_function_id>
				<cdef_id>0</cdef_id>
				<value>0</value>
				<gprint_id>hash_060019e9c43831e54eca8069317a2ce8c6f751</gprint_id>
				<text_format>(rttavg +- 1*sdev)</text_format>
				<hard_return></hard_return>
				<sequence>32</sequence>
			</hash_10001985516ce7680e3bc8928add6596f32087>
			<hash_100019732cff19ef4e8f65403bbb410dacefd5>
				<task_item_id>hash_0800195d834e3d35e2c980126cd2a14e89ab6d</task_item_id>
				<color_id>AAAAAA</color_id>
				<alpha>FF</alpha>
				<graph_type_id>2</graph_type_id>
				<consolidation_function_id>1</consolidation_function_id>
				<cdef_id>0</cdef_id>
				<value>0</value>
				<gprint_id>hash_060019e9c43831e54eca8069317a2ce8c6f751</gprint_id>
				<text_format>(rttavg +- 2*sdev)</text_format>
				<hard_return></hard_return>
				<sequence>33</sequence>
			</hash_100019732cff19ef4e8f65403bbb410dacefd5>
			<hash_100019a5c2ba3470bcd4cfc66025c3b01fe6e1>
				<task_item_id>hash_0800195d834e3d35e2c980126cd2a14e89ab6d</task_item_id>
				<color_id>CCCCCC</color_id>
				<alpha>FF</alpha>
				<graph_type_id>2</graph_type_id>
				<consolidation_function_id>1</consolidation_function_id>
				<cdef_id>0</cdef_id>
				<value>0</value>
				<gprint_id>hash_060019e9c43831e54eca8069317a2ce8c6f751</gprint_id>
				<text_format>(rttavg +- 3*sdev)</text_format>
				<hard_return>on</hard_return>
				<sequence>34</sequence>
			</hash_100019a5c2ba3470bcd4cfc66025c3b01fe6e1>
			<hash_1000197fd9206dbcd4eaf42263a98d76b22856>
				<task_item_id>hash_0800195d834e3d35e2c980126cd2a14e89ab6d</task_item_id>
				<color_id>FFFFFF</color_id>
				<alpha>FF</alpha>
				<graph_type_id>2</graph_type_id>
				<consolidation_function_id>1</consolidation_function_id>
				<cdef_id>0</cdef_id>
				<value>0</value>
				<gprint_id>hash_060019e9c43831e54eca8069317a2ce8c6f751</gprint_id>
				<text_format></text_format>
				<hard_return></hard_return>
				<sequence>35</sequence>
			</hash_1000197fd9206dbcd4eaf42263a98d76b22856>
			<hash_100019c158018dbb5aa00528cc4eae6422a684>
				<task_item_id>0</task_item_id>
				<color_id>0</color_id>
				<alpha>FF</alpha>
				<graph_type_id>1</graph_type_id>
				<consolidation_function_id>1</consolidation_function_id>
				<cdef_id>0</cdef_id>
				<value></value>
				<gprint_id>hash_060019e9c43831e54eca8069317a2ce8c6f751</gprint_id>
				<text_format>RTT Min:</text_format>
				<hard_return></hard_return>
				<sequence>36</sequence>
			</hash_100019c158018dbb5aa00528cc4eae6422a684>
			<hash_1000197e5406cba9c627e23cd8e754401870ad>
				<task_item_id>hash_080019cd17c680d33f47f54a5d2bcda4fbfbf0</task_item_id>
				<color_id>0</color_id>
				<alpha>FF</alpha>
				<graph_type_id>9</graph_type_id>
				<consolidation_function_id>4</consolidation_function_id>
				<cdef_id>hash_05001940ce49e270ccd824128c2084ae7f54dc</cdef_id>
				<value></value>
				<gprint_id>hash_060019e9c43831e54eca8069317a2ce8c6f751</gprint_id>
				<text_format>Last:</text_format>
				<hard_return></hard_return>
				<sequence>37</sequence>
			</hash_1000197e5406cba9c627e23cd8e754401870ad>
			<hash_1000191f99437d2031a08534c6ef3250350724>
				<task_item_id>hash_080019cd17c680d33f47f54a5d2bcda4fbfbf0</task_item_id>
				<color_id>0</color_id>
				<alpha>FF</alpha>
				<graph_type_id>9</graph_type_id>
				<consolidation_function_id>2</consolidation_function_id>
				<cdef_id>hash_05001940ce49e270ccd824128c2084ae7f54dc</cdef_id>
				<value></value>
				<gprint_id>hash_060019e9c43831e54eca8069317a2ce8c6f751</gprint_id>
				<text_format>Min:</text_format>
				<hard_return></hard_return>
				<sequence>38</sequence>
			</hash_1000191f99437d2031a08534c6ef3250350724>
			<hash_10001997e6192cabf9381d6f11b95111bc4c73>
				<task_item_id>hash_080019cd17c680d33f47f54a5d2bcda4fbfbf0</task_item_id>
				<color_id>0</color_id>
				<alpha>FF</alpha>
				<graph_type_id>9</graph_type_id>
				<consolidation_function_id>1</consolidation_function_id>
				<cdef_id>hash_05001940ce49e270ccd824128c2084ae7f54dc</cdef_id>
				<value></value>
				<gprint_id>hash_060019e9c43831e54eca8069317a2ce8c6f751</gprint_id>
				<text_format>Avg:</text_format>
				<hard_return></hard_return>
				<sequence>39</sequence>
			</hash_10001997e6192cabf9381d6f11b95111bc4c73>
			<hash_1000199dcc303d73788ada395bfec47b6a2dcb>
				<task_item_id>hash_080019cd17c680d33f47f54a5d2bcda4fbfbf0</task_item_id>
				<color_id>0</color_id>
				<alpha>FF</alpha>
				<graph_type_id>9</graph_type_id>
				<consolidation_function_id>3</consolidation_function_id>
				<cdef_id>hash_05001940ce49e270ccd824128c2084ae7f54dc</cdef_id>
				<value></value>
				<gprint_id>hash_060019e9c43831e54eca8069317a2ce8c6f751</gprint_id>
				<text_format>Max:</text_format>
				<hard_return>on</hard_return>
				<sequence>40</sequence>
			</hash_1000199dcc303d73788ada395bfec47b6a2dcb>
			<hash_1000198565c8d68f5efdac15b0cfa2a6080848>
				<task_item_id>hash_08001966f673792256a3ea04ec9961eba47fb5</task_item_id>
				<color_id>0</color_id>
				<alpha>FF</alpha>
				<graph_type_id>1</graph_type_id>
				<consolidation_function_id>1</consolidation_function_id>
				<cdef_id>0</cdef_id>
				<value></value>
				<gprint_id>hash_060019e9c43831e54eca8069317a2ce8c6f751</gprint_id>
				<text_format>RTT Avg:</text_format>
				<hard_return></hard_return>
				<sequence>41</sequence>
			</hash_1000198565c8d68f5efdac15b0cfa2a6080848>
			<hash_1000194fdb28da392dc658090c5302650d7732>
				<task_item_id>hash_08001966f673792256a3ea04ec9961eba47fb5</task_item_id>
				<color_id>0</color_id>
				<alpha>FF</alpha>
				<graph_type_id>9</graph_type_id>
				<consolidation_function_id>4</consolidation_function_id>
				<cdef_id>hash_05001940ce49e270ccd824128c2084ae7f54dc</cdef_id>
				<value></value>
				<gprint_id>hash_060019e9c43831e54eca8069317a2ce8c6f751</gprint_id>
				<text_format>Last:</text_format>
				<hard_return></hard_return>
				<sequence>42</sequence>
			</hash_1000194fdb28da392dc658090c5302650d7732>
			<hash_100019c8ea6c0fd742b1630da8750d9b59b5fa>
				<task_item_id>hash_08001966f673792256a3ea04ec9961eba47fb5</task_item_id>
				<color_id>0</color_id>
				<alpha>FF</alpha>
				<graph_type_id>9</graph_type_id>
				<consolidation_function_id>2</consolidation_function_id>
				<cdef_id>hash_05001940ce49e270ccd824128c2084ae7f54dc</cdef_id>
				<value></value>
				<gprint_id>hash_060019e9c43831e54eca8069317a2ce8c6f751</gprint_id>
				<text_format>Min:</text_format>
				<hard_return></hard_return>
				<sequence>43</sequence>
			</hash_100019c8ea6c0fd742b1630da8750d9b59b5fa>
			<hash_1000195ac3e4fcbccb7fbdea1fc07419e667e8>
				<task_item_id>hash_08001966f673792256a3ea04ec9961eba47fb5</task_item_id>
				<color_id>0</color_id>
				<alpha>FF</alpha>
				<graph_type_id>9</graph_type_id>
				<consolidation_function_id>1</consolidation_function_id>
				<cdef_id>hash_05001940ce49e270ccd824128c2084ae7f54dc</cdef_id>
				<value></value>
				<gprint_id>hash_060019e9c43831e54eca8069317a2ce8c6f751</gprint_id>
				<text_format>Avg:</text_format>
				<hard_return></hard_return>
				<sequence>44</sequence>
			</hash_1000195ac3e4fcbccb7fbdea1fc07419e667e8>
			<hash_1000199e23df5df692f9c9f638af28579de051>
				<task_item_id>hash_08001966f673792256a3ea04ec9961eba47fb5</task_item_id>
				<color_id>0</color_id>
				<alpha>FF</alpha>
				<graph_type_id>9</graph_type_id>
				<consolidation_function_id>3</consolidation_function_id>
				<cdef_id>hash_05001940ce49e270ccd824128c2084ae7f54dc</cdef_id>
				<value></value>
				<gprint_id>hash_060019e9c43831e54eca8069317a2ce8c6f751</gprint_id>
				<text_format>Max:</text_format>
				<hard_return>on</hard_return>
				<sequence>45</sequence>
			</hash_1000199e23df5df692f9c9f638af28579de051>
			<hash_10001972cb1024721921dc8c2e9d22e7dadfa8>
				<task_item_id>hash_080019be2761605f59f3eba221a28c088efb73</task_item_id>
				<color_id>0</color_id>
				<alpha>FF</alpha>
				<graph_type_id>1</graph_type_id>
				<consolidation_function_id>1</consolidation_function_id>
				<cdef_id>0</cdef_id>
				<value></value>
				<gprint_id>hash_060019e9c43831e54eca8069317a2ce8c6f751</gprint_id>
				<text_format>RTT Max:</text_format>
				<hard_return></hard_return>
				<sequence>46</sequence>
			</hash_10001972cb1024721921dc8c2e9d22e7dadfa8>
			<hash_1000198b3d2eb2155e1539978eed2021a11e25>
				<task_item_id>hash_080019be2761605f59f3eba221a28c088efb73</task_item_id>
				<color_id>0</color_id>
				<alpha>FF</alpha>
				<graph_type_id>9</graph_type_id>
				<consolidation_function_id>4</consolidation_function_id>
				<cdef_id>hash_05001940ce49e270ccd824128c2084ae7f54dc</cdef_id>
				<value></value>
				<gprint_id>hash_060019e9c43831e54eca8069317a2ce8c6f751</gprint_id>
				<text_format>Last:</text_format>
				<hard_return></hard_return>
				<sequence>47</sequence>
			</hash_1000198b3d2eb2155e1539978eed2021a11e25>
			<hash_100019039b197e9edc0624fe221253622133ef>
				<task_item_id>hash_080019be2761605f59f3eba221a28c088efb73</task_item_id>
				<color_id>0</color_id>
				<alpha>FF</alpha>
				<graph_type_id>9</graph_type_id>
				<consolidation_function_id>2</consolidation_function_id>
				<cdef_id>hash_05001940ce49e270ccd824128c2084ae7f54dc</cdef_id>
				<value></value>
				<gprint_id>hash_060019e9c43831e54eca8069317a2ce8c6f751</gprint_id>
				<text_format>Min:</text_format>
				<hard_return></hard_return>
				<sequence>48</sequence>
			</hash_100019039b197e9edc0624fe221253622133ef>
			<hash_10001961d722e4a83713ebda7cc4faaa3c52db>
				<task_item_id>hash_080019be2761605f59f3eba221a28c088efb73</task_item_id>
				<color_id>0</color_id>
				<alpha>FF</alpha>
				<graph_type_id>9</graph_type_id>
				<consolidation_function_id>1</consolidation_function_id>
				<cdef_id>hash_05001940ce49e270ccd824128c2084ae7f54dc</cdef_id>
				<value></value>
				<gprint_id>hash_060019e9c43831e54eca8069317a2ce8c6f751</gprint_id>
				<text_format>Avg:</text_format>
				<hard_return></hard_return>
				<sequence>49</sequence>
			</hash_10001961d722e4a83713ebda7cc4faaa3c52db>
			<hash_10001908eddef44d712e0c493b17e89721f5d3>
				<task_item_id>hash_080019be2761605f59f3eba221a28c088efb73</task_item_id>
				<color_id>0</color_id>
				<alpha>FF</alpha>
				<graph_type_id>9</graph_type_id>
				<consolidation_function_id>3</consolidation_function_id>
				<cdef_id>hash_05001940ce49e270ccd824128c2084ae7f54dc</cdef_id>
				<value></value>
				<gprint_id>hash_060019e9c43831e54eca8069317a2ce8c6f751</gprint_id>
				<text_format>Max:</text_format>
				<hard_return>on</hard_return>
				<sequence>50</sequence>
			</hash_10001908eddef44d712e0c493b17e89721f5d3>
			<hash_10001990111b51f032c8ff15da49f81672f82b>
				<task_item_id>hash_0800195d834e3d35e2c980126cd2a14e89ab6d</task_item_id>
				<color_id>0</color_id>
				<alpha>FF</alpha>
				<graph_type_id>1</graph_type_id>
				<consolidation_function_id>1</consolidation_function_id>
				<cdef_id>0</cdef_id>
				<value></value>
				<gprint_id>hash_060019e9c43831e54eca8069317a2ce8c6f751</gprint_id>
				<text_format>Std Dev:</text_format>
				<hard_return></hard_return>
				<sequence>51</sequence>
			</hash_10001990111b51f032c8ff15da49f81672f82b>
			<hash_1000194345c81a053705b62c725387aa4da980>
				<task_item_id>hash_0800195d834e3d35e2c980126cd2a14e89ab6d</task_item_id>
				<color_id>0</color_id>
				<alpha>FF</alpha>
				<graph_type_id>9</graph_type_id>
				<consolidation_function_id>4</consolidation_function_id>
				<cdef_id>hash_05001940ce49e270ccd824128c2084ae7f54dc</cdef_id>
				<value></value>
				<gprint_id>hash_060019e9c43831e54eca8069317a2ce8c6f751</gprint_id>
				<text_format>Last:</text_format>
				<hard_return></hard_return>
				<sequence>52</sequence>
			</hash_1000194345c81a053705b62c725387aa4da980>
			<hash_100019793421b8c650b29cb88830fad9293e80>
				<task_item_id>hash_0800195d834e3d35e2c980126cd2a14e89ab6d</task_item_id>
				<color_id>0</color_id>
				<alpha>FF</alpha>
				<graph_type_id>9</graph_type_id>
				<consolidation_function_id>2</consolidation_function_id>
				<cdef_id>hash_05001940ce49e270ccd824128c2084ae7f54dc</cdef_id>
				<value></value>
				<gprint_id>hash_060019e9c43831e54eca8069317a2ce8c6f751</gprint_id>
				<text_format>Min:</text_format>
				<hard_return></hard_return>
				<sequence>53</sequence>
			</hash_100019793421b8c650b29cb88830fad9293e80>
			<hash_1000190d634d108cf5782b49bf9ff5fb280336>
				<task_item_id>hash_0800195d834e3d35e2c980126cd2a14e89ab6d</task_item_id>
				<color_id>0</color_id>
				<alpha>FF</alpha>
				<graph_type_id>9</graph_type_id>
				<consolidation_function_id>1</consolidation_function_id>
				<cdef_id>hash_05001940ce49e270ccd824128c2084ae7f54dc</cdef_id>
				<value></value>
				<gprint_id>hash_060019e9c43831e54eca8069317a2ce8c6f751</gprint_id>
				<text_format>Avg:</text_format>
				<hard_return></hard_return>
				<sequence>54</sequence>
			</hash_1000190d634d108cf5782b49bf9ff5fb280336>
			<hash_1000197e8af570e8b1757e1e449daf2509cf56>
				<task_item_id>hash_0800195d834e3d35e2c980126cd2a14e89ab6d</task_item_id>
				<color_id>0</color_id>
				<alpha>FF</alpha>
				<graph_type_id>9</graph_type_id>
				<consolidation_function_id>3</consolidation_function_id>
				<cdef_id>hash_05001940ce49e270ccd824128c2084ae7f54dc</cdef_id>
				<value></value>
				<gprint_id>hash_060019e9c43831e54eca8069317a2ce8c6f751</gprint_id>
				<text_format>Max:</text_format>
				<hard_return>on</hard_return>
				<sequence>55</sequence>
			</hash_1000197e8af570e8b1757e1e449daf2509cf56>
		</items>
		<inputs>
			<hash_0900197adcd2f061e112d8bb612c8a750d6f04>
				<name>Data Source [dev]</name>
				<description></description>
				<column_name>task_item_id</column_name>
				<items>hash_0000195f77eacb9c5063c91a11664eb79f85c9|hash_0000190d634d108cf5782b49bf9ff5fb280336|hash_0000194345c81a053705b62c725387aa4da980|hash_00001990111b51f032c8ff15da49f81672f82b|hash_000019793421b8c650b29cb88830fad9293e80|hash_0000197e8af570e8b1757e1e449daf2509cf56|hash_000019855c964e5f2eea496b7e0a3c3271e4f1</items>
			</hash_0900197adcd2f061e112d8bb612c8a750d6f04>
			<hash_09001916e4e8ba85f38541a3f7f020da0caf44>
				<name>Data Source [loss]</name>
				<description></description>
				<column_name>task_item_id</column_name>
				<items>hash_000019164c8d39bf3117d8b49f4842fc82c070|hash_00001921226e3fd41de210115c458d94309e79|hash_000019aa11ffeb267bfbac5dc7349f033c4ee6|hash_000019914e29bca1133ca917e7332ec2099cba|hash_0000193518f26bc52ccc48a19af1012ead9724</items>
			</hash_09001916e4e8ba85f38541a3f7f020da0caf44>
			<hash_09001970f20b83f3fef7fb5ceab65fe8008672>
				<name>Data Source [max]</name>
				<description></description>
				<column_name>task_item_id</column_name>
				<items>hash_000019dd601fbeb3f690345bc114bf08eca3b5|hash_00001961d722e4a83713ebda7cc4faaa3c52db|hash_00001972cb1024721921dc8c2e9d22e7dadfa8|hash_0000198b3d2eb2155e1539978eed2021a11e25|hash_000019039b197e9edc0624fe221253622133ef|hash_00001908eddef44d712e0c493b17e89721f5d3</items>
			</hash_09001970f20b83f3fef7fb5ceab65fe8008672>
			<hash_09001986417fa9a87776d6d5f68e55e8d19945>
				<name>Data Source [avg]</name>
				<description></description>
				<column_name>task_item_id</column_name>
				<items>hash_0000191ebbe9edb0e2fe4b0966d096cde22942|hash_0000196b0c99a26b7d2b0e63e9f4d728df714a|hash_0000195ac3e4fcbccb7fbdea1fc07419e667e8|hash_0000198565c8d68f5efdac15b0cfa2a6080848|hash_0000194fdb28da392dc658090c5302650d7732|hash_000019c8ea6c0fd742b1630da8750d9b59b5fa|hash_0000199e23df5df692f9c9f638af28579de051</items>
			</hash_09001986417fa9a87776d6d5f68e55e8d19945>
			<hash_090019dda8e90a526aa57d628c94a3cd4c673f>
				<name>Data Source [min]</name>
				<description></description>
				<column_name>task_item_id</column_name>
				<items>hash_000019a6b486409577f6fbc68c316321cc53df|hash_0000197113253f1ff1f6be1d2222646a1a2fd9|hash_000019f2098bea5ea9f280d0a02e4e8cb31362|hash_00001997e6192cabf9381d6f11b95111bc4c73|hash_0000197e5406cba9c627e23cd8e754401870ad|hash_0000191f99437d2031a08534c6ef3250350724|hash_0000199dcc303d73788ada395bfec47b6a2dcb</items>
			</hash_090019dda8e90a526aa57d628c94a3cd4c673f>
		</inputs>
	</hash_0000193295e1523e05db86487c11d359218bbe>
	<hash_01001904ef4da0d125620474bcbb3a72c7356c>
		<name>PING - Advanced Ping</name>
		<ds>
			<t_name></t_name>
			<name>|host_description| -  Advanced Ping</name>
			<data_input_id>hash_0300194427395a6ecd5bc2af34a3488ee0221b</data_input_id>
			<t_rra_id></t_rra_id>
			<t_rrd_step></t_rrd_step>
			<rrd_step>300</rrd_step>
			<t_active></t_active>
			<active>on</active>
			<rra_items>hash_150019c21df5178e5c955013591239eb0afd46|hash_1500190d9c0af8b8acdc7807943937b3208e29|hash_1500196fc2d038fb42950138b0ce3e9874cc60|hash_150019e36f3adb9f152adfa5dc50fd2b23337e</rra_items>
		</ds>
		<items>
			<hash_0800197d463038911077b759e662d1d3b399ed>
				<t_data_source_name></t_data_source_name>
				<data_source_name>loss</data_source_name>
				<t_rrd_minimum></t_rrd_minimum>
				<rrd_minimum>0</rrd_minimum>
				<t_rrd_maximum></t_rrd_maximum>
				<rrd_maximum>100</rrd_maximum>
				<t_data_source_type_id></t_data_source_type_id>
				<data_source_type_id>1</data_source_type_id>
				<t_rrd_heartbeat></t_rrd_heartbeat>
				<rrd_heartbeat>600</rrd_heartbeat>
				<t_data_input_field_id></t_data_input_field_id>
				<data_input_field_id>hash_07001915748714320e221c723c5595feb244e7</data_input_field_id>
			</hash_0800197d463038911077b759e662d1d3b399ed>
			<hash_08001966f673792256a3ea04ec9961eba47fb5>
				<t_data_source_name></t_data_source_name>
				<data_source_name>avg</data_source_name>
				<t_rrd_minimum></t_rrd_minimum>
				<rrd_minimum>0</rrd_minimum>
				<t_rrd_maximum></t_rrd_maximum>
				<rrd_maximum>500</rrd_maximum>
				<t_data_source_type_id></t_data_source_type_id>
				<data_source_type_id>1</data_source_type_id>
				<t_rrd_heartbeat></t_rrd_heartbeat>
				<rrd_heartbeat>600</rrd_heartbeat>
				<t_data_input_field_id></t_data_input_field_id>
				<data_input_field_id>hash_070019d5c29836073d12c3c961fe2ed371d613</data_input_field_id>
			</hash_08001966f673792256a3ea04ec9961eba47fb5>
			<hash_080019be2761605f59f3eba221a28c088efb73>
				<t_data_source_name></t_data_source_name>
				<data_source_name>max</data_source_name>
				<t_rrd_minimum></t_rrd_minimum>
				<rrd_minimum>0</rrd_minimum>
				<t_rrd_maximum></t_rrd_maximum>
				<rrd_maximum>500</rrd_maximum>
				<t_data_source_type_id></t_data_source_type_id>
				<data_source_type_id>1</data_source_type_id>
				<t_rrd_heartbeat></t_rrd_heartbeat>
				<rrd_heartbeat>600</rrd_heartbeat>
				<t_data_input_field_id></t_data_input_field_id>
				<data_input_field_id>hash_0700190f82cdd8c53130b92a64ff8e748ef26a</data_input_field_id>
			</hash_080019be2761605f59f3eba221a28c088efb73>
			<hash_0800195d834e3d35e2c980126cd2a14e89ab6d>
				<t_data_source_name></t_data_source_name>
				<data_source_name>dev</data_source_name>
				<t_rrd_minimum></t_rrd_minimum>
				<rrd_minimum>0</rrd_minimum>
				<t_rrd_maximum></t_rrd_maximum>
				<rrd_maximum>500</rrd_maximum>
				<t_data_source_type_id></t_data_source_type_id>
				<data_source_type_id>1</data_source_type_id>
				<t_rrd_heartbeat></t_rrd_heartbeat>
				<rrd_heartbeat>600</rrd_heartbeat>
				<t_data_input_field_id></t_data_input_field_id>
				<data_input_field_id>hash_07001972a5c2209fdf920fb6c1ecfab14420b4</data_input_field_id>
			</hash_0800195d834e3d35e2c980126cd2a14e89ab6d>
			<hash_080019cd17c680d33f47f54a5d2bcda4fbfbf0>
				<t_data_source_name></t_data_source_name>
				<data_source_name>min</data_source_name>
				<t_rrd_minimum></t_rrd_minimum>
				<rrd_minimum>0</rrd_minimum>
				<t_rrd_maximum></t_rrd_maximum>
				<rrd_maximum>500</rrd_maximum>
				<t_data_source_type_id></t_data_source_type_id>
				<data_source_type_id>1</data_source_type_id>
				<t_rrd_heartbeat></t_rrd_heartbeat>
				<rrd_heartbeat>600</rrd_heartbeat>
				<t_data_input_field_id></t_data_input_field_id>
				<data_input_field_id>hash_070019d925e1bfe111d30daf35d69afb2b3305</data_input_field_id>
			</hash_080019cd17c680d33f47f54a5d2bcda4fbfbf0>
		</items>
		<data>
			<item_000>
				<data_input_field_id>hash_0700195f70f2d03d21300f664bfa84170f6641</data_input_field_id>
				<t_value>on</t_value>
				<value></value>
			</item_000>
			<item_001>
				<data_input_field_id>hash_0700191130c26c560d48191e3b1da07e26cfef</data_input_field_id>
				<t_value>on</t_value>
				<value>ICMP</value>
			</item_001>
			<item_002>
				<data_input_field_id>hash_0700194042c506e261778066cbda27c21c9176</data_input_field_id>
				<t_value>on</t_value>
				<value>20</value>
			</item_002>
			<item_003>
				<data_input_field_id>hash_07001996d16f176556dfeb5620d64cf916b88a</data_input_field_id>
				<t_value></t_value>
				<value></value>
			</item_003>
		</data>
	</hash_01001904ef4da0d125620474bcbb3a72c7356c>
	<hash_0300194427395a6ecd5bc2af34a3488ee0221b>
		<name>PING - Advanced Ping</name>
		<type_id>5</type_id>
		<input_string>&lt;path_cacti&gt;/scripts/ss_fping.php ss_fping &lt;hostname&gt; &lt;attempts&gt; &lt;protocol&gt; &lt;port&gt;</input_string>
		<fields>
			<hash_07001915748714320e221c723c5595feb244e7>
				<name>Loss</name>
				<update_rra>on</update_rra>
				<regexp_match></regexp_match>
				<allow_nulls></allow_nulls>
				<type_code></type_code>
				<input_output>out</input_output>
				<data_name>loss</data_name>
			</hash_07001915748714320e221c723c5595feb244e7>
			<hash_07001972a5c2209fdf920fb6c1ecfab14420b4>
				<name>Deviation</name>
				<update_rra>on</update_rra>
				<regexp_match></regexp_match>
				<allow_nulls></allow_nulls>
				<type_code></type_code>
				<input_output>out</input_output>
				<data_name>dev</data_name>
			</hash_07001972a5c2209fdf920fb6c1ecfab14420b4>
			<hash_0700190f82cdd8c53130b92a64ff8e748ef26a>
				<name>Maximum</name>
				<update_rra>on</update_rra>
				<regexp_match></regexp_match>
				<allow_nulls></allow_nulls>
				<type_code></type_code>
				<input_output>out</input_output>
				<data_name>max</data_name>
			</hash_0700190f82cdd8c53130b92a64ff8e748ef26a>
			<hash_070019d5c29836073d12c3c961fe2ed371d613>
				<name>Average</name>
				<update_rra>on</update_rra>
				<regexp_match></regexp_match>
				<allow_nulls></allow_nulls>
				<type_code></type_code>
				<input_output>out</input_output>
				<data_name>avg</data_name>
			</hash_070019d5c29836073d12c3c961fe2ed371d613>
			<hash_070019d925e1bfe111d30daf35d69afb2b3305>
				<name>Minimum</name>
				<update_rra>on</update_rra>
				<regexp_match></regexp_match>
				<allow_nulls></allow_nulls>
				<type_code></type_code>
				<input_output>out</input_output>
				<data_name>min</data_name>
			</hash_070019d925e1bfe111d30daf35d69afb2b3305>
			<hash_07001996d16f176556dfeb5620d64cf916b88a>
				<name>Hostname or IP Address of the device to ping</name>
				<update_rra></update_rra>
				<regexp_match></regexp_match>
				<allow_nulls></allow_nulls>
				<type_code>hostname</type_code>
				<input_output>in</input_output>
				<data_name>hostname</data_name>
			</hash_07001996d16f176556dfeb5620d64cf916b88a>
			<hash_0700194042c506e261778066cbda27c21c9176>
				<name>The number of times to ping the host</name>
				<update_rra></update_rra>
				<regexp_match></regexp_match>
				<allow_nulls></allow_nulls>
				<type_code></type_code>
				<input_output>in</input_output>
				<data_name>attempts</data_name>
			</hash_0700194042c506e261778066cbda27c21c9176>
			<hash_0700191130c26c560d48191e3b1da07e26cfef>
				<name>Ping protocol to use.  Either ICMP (default), TCP, or UDP</name>
				<update_rra></update_rra>
				<regexp_match></regexp_match>
				<allow_nulls>on</allow_nulls>
				<type_code></type_code>
				<input_output>in</input_output>
				<data_name>protocol</data_name>
			</hash_0700191130c26c560d48191e3b1da07e26cfef>
			<hash_0700195f70f2d03d21300f664bfa84170f6641>
				<name>Port to ping.  Applies only to TCP and UDP protocols.</name>
				<update_rra></update_rra>
				<regexp_match></regexp_match>
				<allow_nulls>on</allow_nulls>
				<type_code></type_code>
				<input_output>in</input_output>
				<data_name>port</data_name>
			</hash_0700195f70f2d03d21300f664bfa84170f6641>
		</fields>
	</hash_0300194427395a6ecd5bc2af34a3488ee0221b>
	<hash_150019c21df5178e5c955013591239eb0afd46>
		<name>Daily (5 Minute Average)</name>
		<x_files_factor>0.5</x_files_factor>
		<steps>1</steps>
		<rows>600</rows>
		<timespan>86400</timespan>
		<cf_items>1|2|3|4</cf_items>
	</hash_150019c21df5178e5c955013591239eb0afd46>
	<hash_1500190d9c0af8b8acdc7807943937b3208e29>
		<name>Weekly (30 Minute Average)</name>
		<x_files_factor>0.5</x_files_factor>
		<steps>6</steps>
		<rows>700</rows>
		<timespan>604800</timespan>
		<cf_items>1|3</cf_items>
	</hash_1500190d9c0af8b8acdc7807943937b3208e29>
	<hash_1500196fc2d038fb42950138b0ce3e9874cc60>
		<name>Monthly (2 Hour Average)</name>
		<x_files_factor>0.5</x_files_factor>
		<steps>24</steps>
		<rows>775</rows>
		<timespan>2678400</timespan>
		<cf_items>1|3</cf_items>
	</hash_1500196fc2d038fb42950138b0ce3e9874cc60>
	<hash_150019e36f3adb9f152adfa5dc50fd2b23337e>
		<name>Yearly (1 Day Average)</name>
		<x_files_factor>0.5</x_files_factor>
		<steps>288</steps>
		<rows>797</rows>
		<timespan>33053184</timespan>
		<cf_items>1|3</cf_items>
	</hash_150019e36f3adb9f152adfa5dc50fd2b23337e>
	<hash_05001940ce49e270ccd824128c2084ae7f54dc>
		<name>Divide by 1000</name>
		<items>
			<hash_140019a19ba5ee30d8d39fea404b0464b9c16e>
				<sequence>1</sequence>
				<type>4</type>
				<value>CURRENT_DATA_SOURCE</value>
			</hash_140019a19ba5ee30d8d39fea404b0464b9c16e>
			<hash_14001957a54f55e9a94610f15ce097c4d767fe>
				<sequence>2</sequence>
				<type>6</type>
				<value>1000</value>
			</hash_14001957a54f55e9a94610f15ce097c4d767fe>
			<hash_140019ff1654db642a96a0c3e93ec3b88623d4>
				<sequence>3</sequence>
				<type>2</type>
				<value>4</value>
			</hash_140019ff1654db642a96a0c3e93ec3b88623d4>
		</items>
	</hash_05001940ce49e270ccd824128c2084ae7f54dc>
	<hash_050019828d4e1bfd5ab107e94e76017bcdc653>
		<name>Advanced Ping ALT - Loss 0.01-0.02</name>
		<items>
			<hash_140019e89b4342b275617b99aa75aa3507cc8c>
				<sequence>1</sequence>
				<type>6</type>
				<value>d,0,GT,d,2,GT,UNKN,b,IF,UNKN,IF</value>
			</hash_140019e89b4342b275617b99aa75aa3507cc8c>
			<hash_140019255eea3efdd09782a91675bdf68d3f01>
				<sequence>2</sequence>
				<type>6</type>
				<value>1000</value>
			</hash_140019255eea3efdd09782a91675bdf68d3f01>
			<hash_14001989cedd580a63b78eecb8118a01477a10>
				<sequence>3</sequence>
				<type>2</type>
				<value>4</value>
			</hash_14001989cedd580a63b78eecb8118a01477a10>
		</items>
	</hash_050019828d4e1bfd5ab107e94e76017bcdc653>
	<hash_0500194e97636e8c22221486974a63426b6728>
		<name>Advanced Ping ALT - Loss 0.03-0.05</name>
		<items>
			<hash_1400193c8887e85a7d33dc464d0edd7e2af57b>
				<sequence>1</sequence>
				<type>6</type>
				<value>d,3,GT,d,5,GT,UNKN,b,IF,UNKN,IF</value>
			</hash_1400193c8887e85a7d33dc464d0edd7e2af57b>
			<hash_140019387e07bbe1f75a3ea459e814e87a2d8e>
				<sequence>2</sequence>
				<type>6</type>
				<value>1000</value>
			</hash_140019387e07bbe1f75a3ea459e814e87a2d8e>
			<hash_14001946960a042f3ae53f5317e1b20eaf31a1>
				<sequence>3</sequence>
				<type>2</type>
				<value>4</value>
			</hash_14001946960a042f3ae53f5317e1b20eaf31a1>
		</items>
	</hash_0500194e97636e8c22221486974a63426b6728>
	<hash_050019a73fffefb7d4ffdf5a59b4232aeeebfe>
		<name>Advanced Ping ALT - Loss 0.06-010</name>
		<items>
			<hash_140019bdbc069ee1219ab88bf6f361bd56a491>
				<sequence>1</sequence>
				<type>6</type>
				<value>d,5,GT,d,10,GT,UNKN,b,IF,UNKN,IF</value>
			</hash_140019bdbc069ee1219ab88bf6f361bd56a491>
			<hash_140019f4aa9990a8957e8512b92297fca20fcb>
				<sequence>2</sequence>
				<type>6</type>
				<value>1000</value>
			</hash_140019f4aa9990a8957e8512b92297fca20fcb>
			<hash_140019714715dc32e9d6e614b589a02ee8dea7>
				<sequence>3</sequence>
				<type>2</type>
				<value>4</value>
			</hash_140019714715dc32e9d6e614b589a02ee8dea7>
		</items>
	</hash_050019a73fffefb7d4ffdf5a59b4232aeeebfe>
	<hash_050019fed7149d03fdb76a7cec99c5764e83b9>
		<name>Advanced Ping ALT - Loss 0.11-0.15</name>
		<items>
			<hash_1400194af6ab3f82bd332810ed1e99061b919b>
				<sequence>1</sequence>
				<type>6</type>
				<value>d,10,GT,d,15,GT,UNKN,b,IF,UNKN,IF</value>
			</hash_1400194af6ab3f82bd332810ed1e99061b919b>
			<hash_1400190ca338d9a7c1a12f2eddceea4c3561d8>
				<sequence>2</sequence>
				<type>6</type>
				<value>1000</value>
			</hash_1400190ca338d9a7c1a12f2eddceea4c3561d8>
			<hash_140019efece964382fdf0c62bd84257a15d869>
				<sequence>3</sequence>
				<type>2</type>
				<value>4</value>
			</hash_140019efece964382fdf0c62bd84257a15d869>
		</items>
	</hash_050019fed7149d03fdb76a7cec99c5764e83b9>
	<hash_050019becffe77a699214e35223077ac13e442>
		<name>Advanced Ping ALT - Loss 0.16-0.50</name>
		<items>
			<hash_140019a50b2fcfc3a4c7210126ab62d04f2811>
				<sequence>1</sequence>
				<type>6</type>
				<value>d,15,GT,d,50,GT,UNKN,b,IF,UNKN,IF</value>
			</hash_140019a50b2fcfc3a4c7210126ab62d04f2811>
			<hash_1400195ecae7d3f49218045d2cb081bc162e66>
				<sequence>2</sequence>
				<type>6</type>
				<value>1000</value>
			</hash_1400195ecae7d3f49218045d2cb081bc162e66>
			<hash_140019a63731c52a24f863c8445aac6a95aa42>
				<sequence>3</sequence>
				<type>2</type>
				<value>4</value>
			</hash_140019a63731c52a24f863c8445aac6a95aa42>
		</items>
	</hash_050019becffe77a699214e35223077ac13e442>
	<hash_050019b59ff622900f31ec0cbf6085a21938ba>
		<name>Advanced Ping ALT - Loss 0.51-0.95</name>
		<items>
			<hash_14001953c898b5c89619f541f11f240e56e1d8>
				<sequence>1</sequence>
				<type>6</type>
				<value>d,50,GT,d,95,GT,UNKN,b,IF,UNKN,IF</value>
			</hash_14001953c898b5c89619f541f11f240e56e1d8>
			<hash_1400199533ddb8e97886d4ca7f586770599328>
				<sequence>2</sequence>
				<type>6</type>
				<value>1000</value>
			</hash_1400199533ddb8e97886d4ca7f586770599328>
			<hash_14001927782cf565d4ba9fc28aa986b793c754>
				<sequence>3</sequence>
				<type>2</type>
				<value>4</value>
			</hash_14001927782cf565d4ba9fc28aa986b793c754>
		</items>
	</hash_050019b59ff622900f31ec0cbf6085a21938ba>
	<hash_050019df5dcfafd43945524c486cdf53b8235b>
		<name>Advanced Ping ALT - Loss 0.96-0.99</name>
		<items>
			<hash_1400192fc523d7a82bbfd7ed9def17d9bd8c77>
				<sequence>2</sequence>
				<type>6</type>
				<value>d,95,GT,d,99,GT,UNKN,b,IF,UNKN,IF</value>
			</hash_1400192fc523d7a82bbfd7ed9def17d9bd8c77>
			<hash_1400195fd28da2fdd66f78a5d7a39bfc4bbbff>
				<sequence>3</sequence>
				<type>6</type>
				<value>1000</value>
			</hash_1400195fd28da2fdd66f78a5d7a39bfc4bbbff>
			<hash_1400191549376f1c0c1bedf8d10ecc4a2bd6c0>
				<sequence>4</sequence>
				<type>2</type>
				<value>4</value>
			</hash_1400191549376f1c0c1bedf8d10ecc4a2bd6c0>
		</items>
	</hash_050019df5dcfafd43945524c486cdf53b8235b>
	<hash_05001903f1d1e840e9ab2585c134f1493187c8>
		<name>Advanced Ping ALT - SDEV Position 1,2 (sdev)</name>
		<items>
			<hash_14001923c1dac59a726d6e315c7cb1f75ed646>
				<sequence>1</sequence>
				<type>6</type>
				<value>e</value>
			</hash_14001923c1dac59a726d6e315c7cb1f75ed646>
			<hash_1400191ea1ff225db755ec9bfe0a85447921cc>
				<sequence>2</sequence>
				<type>6</type>
				<value>1000</value>
			</hash_1400191ea1ff225db755ec9bfe0a85447921cc>
			<hash_14001902d820b3df1fde9463bc9e658fe5497b>
				<sequence>3</sequence>
				<type>2</type>
				<value>4</value>
			</hash_14001902d820b3df1fde9463bc9e658fe5497b>
		</items>
	</hash_05001903f1d1e840e9ab2585c134f1493187c8>
	<hash_050019b8d406e8f95e4ac306bf1070da15f076>
		<name>Advanced Ping ALT - SDEV Position 3 Max</name>
		<items>
			<hash_140019c442452a26ab60edef63443392e74da2>
				<sequence>1</sequence>
				<type>6</type>
				<value>c,b,-,e,-,e,-</value>
			</hash_140019c442452a26ab60edef63443392e74da2>
			<hash_140019e310052a6c4b0d8f1877c0247601f380>
				<sequence>2</sequence>
				<type>6</type>
				<value>1000</value>
			</hash_140019e310052a6c4b0d8f1877c0247601f380>
			<hash_1400193ba3af2afd790f512757e0d9c4f5b4bb>
				<sequence>3</sequence>
				<type>2</type>
				<value>4</value>
			</hash_1400193ba3af2afd790f512757e0d9c4f5b4bb>
		</items>
	</hash_050019b8d406e8f95e4ac306bf1070da15f076>
	<hash_050019be93da3bf9883d565ad4075f0dc9bf1b>
		<name>Advanced Ping ALT - SDEV Position 3 Min</name>
		<items>
			<hash_1400190b8b734be78bac58dbcd175080a669f0>
				<sequence>1</sequence>
				<type>6</type>
				<value>b,a,-,e,-,e,-</value>
			</hash_1400190b8b734be78bac58dbcd175080a669f0>
			<hash_14001992ebe3f53638bc0cd66078a8d2f4cc73>
				<sequence>2</sequence>
				<type>6</type>
				<value>1000</value>
			</hash_14001992ebe3f53638bc0cd66078a8d2f4cc73>
			<hash_140019f7e68797e4a6b5fb9a1d9e0f9c5f8f04>
				<sequence>3</sequence>
				<type>2</type>
				<value>4</value>
			</hash_140019f7e68797e4a6b5fb9a1d9e0f9c5f8f04>
		</items>
	</hash_050019be93da3bf9883d565ad4075f0dc9bf1b>
	<hash_0500192b9982d27bbf9d670db6926329bb87c6>
		<name>Advanced Ping ALT - Loss 0.99-1.00</name>
		<items>
			<hash_140019de76df761f7e4451efa3f4fd84fc4e9a>
				<sequence>4</sequence>
				<type>6</type>
				<value>d,99,GT,d,100,GT,UNKN,INF,IF,UNKN,IF</value>
			</hash_140019de76df761f7e4451efa3f4fd84fc4e9a>
		</items>
	</hash_0500192b9982d27bbf9d670db6926329bb87c6>
	<hash_060019e9c43831e54eca8069317a2ce8c6f751>
		<name>Normal</name>
		<gprint_text>%8.2lf %s</gprint_text>
	</hash_060019e9c43831e54eca8069317a2ce8c6f751>
	<hash_060019fc9f65c03c3566d93c3a28e1cb5aac93>
		<name>Percentage as Decimal</name>
		<gprint_text>%6.2lf%%</gprint_text>
	</hash_060019fc9f65c03c3566d93c3a28e1cb5aac93>
</cacti>